"TruePositives","FalsePositives","TrueNegatives","FalseNegatives","Recall","Precision","Sensitivity","Specificity","F-measure","Accuracy","Cohen's kappa"
150,142,158,150,0.5,0.5136986301369864,0.5,0.5266666666666666,0.5067567567567568,,
158,150,150,142,0.5266666666666666,0.512987012987013,0.5266666666666666,0.5,0.5197368421052633,,
,,,,,,,,,0.5133333333333333,0.026666666666666616
