"TruePositives","FalsePositives","TrueNegatives","FalseNegatives","Recall","Precision","Sensitivity","Specificity","F-measure","Accuracy","Cohen's kappa"
136,146,154,164,0.4533333333333333,0.48226950354609927,0.4533333333333333,0.5133333333333333,0.4673539518900343,,
154,164,136,146,0.5133333333333333,0.48427672955974843,0.5133333333333333,0.4533333333333333,0.4983818770226537,,
,,,,,,,,,0.48333333333333334,-0.033333333333333326
