"TruePositives","FalsePositives","TrueNegatives","FalseNegatives","Recall","Precision","Sensitivity","Specificity","F-measure","Accuracy","Cohen's kappa"
163,161,139,137,0.5433333333333333,0.5030864197530864,0.5433333333333333,0.4633333333333333,0.5224358974358975,,
139,137,163,161,0.4633333333333333,0.5036231884057971,0.4633333333333333,0.5433333333333333,0.4826388888888889,,
,,,,,,,,,0.5033333333333333,0.006666666666666599
