"TruePositives","FalsePositives","TrueNegatives","FalseNegatives","Recall","Precision","Sensitivity","Specificity","F-measure","Accuracy","Cohen's kappa"
139,134,166,161,0.4633333333333333,0.5091575091575091,0.4633333333333333,0.5533333333333333,0.4851657940663176,,
166,161,139,134,0.5533333333333333,0.5076452599388379,0.5533333333333333,0.4633333333333333,0.529505582137161,,
,,,,,,,,,0.5083333333333333,0.016666666666666607
