"TruePositives","FalsePositives","TrueNegatives","FalseNegatives","Recall","Precision","Sensitivity","Specificity","F-measure","Accuracy","Cohen's kappa"
157,160,140,143,0.5233333333333333,0.4952681388012618,0.5233333333333333,0.4666666666666667,0.5089141004862237,,
140,143,157,160,0.4666666666666667,0.49469964664310956,0.4666666666666667,0.5233333333333333,0.48027444253859347,,
,,,,,,,,,0.495,-0.010000000000000009
